/Users/alper/code/CarND-Behavioral-Cloning-P3/my_training_data/IMG/center_2017_04_18_17_47_31_815.jpg,/Users/alper/code/CarND-Behavioral-Cloning-P3/my_training_data/IMG/left_2017_04_18_17_47_31_815.jpg,/Users/alper/code/CarND-Behavioral-Cloning-P3/my_training_data/IMG/right_2017_04_18_17_47_31_815.jpg,0,0,0,11.19877
/Users/alper/code/CarND-Behavioral-Cloning-P3/my_training_data/IMG/center_2017_04_18_17_47_31_882.jpg,/Users/alper/code/CarND-Behavioral-Cloning-P3/my_training_data/IMG/left_2017_04_18_17_47_31_882.jpg,/Users/alper/code/CarND-Behavioral-Cloning-P3/my_training_data/IMG/right_2017_04_18_17_47_31_882.jpg,0,0,0,11.10924
/Users/alper/code/CarND-Behavioral-Cloning-P3/my_training_data/IMG/center_2017_04_18_17_47_31_960.jpg,/Users/alper/code/CarND-Behavioral-Cloning-P3/my_training_data/IMG/left_2017_04_18_17_47_31_960.jpg,/Users/alper/code/CarND-Behavioral-Cloning-P3/my_training_data/IMG/right_2017_04_18_17_47_31_960.jpg,0,0,0,11.01917
/Users/alper/code/CarND-Behavioral-Cloning-P3/my_training_data/IMG/center_2017_04_18_17_47_32_028.jpg,/Users/alper/code/CarND-Behavioral-Cloning-P3/my_training_data/IMG/left_2017_04_18_17_47_32_028.jpg,/Users/alper/code/CarND-Behavioral-Cloning-P3/my_training_data/IMG/right_2017_04_18_17_47_32_028.jpg,0,0,0,10.95224
/Users/alper/code/CarND-Behavioral-Cloning-P3/my_training_data/IMG/center_2017_04_18_17_47_32_102.jpg,/Users/alper/code/CarND-Behavioral-Cloning-P3/my_training_data/IMG/left_2017_04_18_17_47_32_102.jpg,/Users/alper/code/CarND-Behavioral-Cloning-P3/my_training_data/IMG/right_2017_04_18_17_47_32_102.jpg,0,0,0,10.86467
/Users/alper/code/CarND-Behavioral-Cloning-P3/my_training_data/IMG/center_2017_04_18_17_47_32_175.jpg,/Users/alper/code/CarND-Behavioral-Cloning-P3/my_training_data/IMG/left_2017_04_18_17_47_32_175.jpg,/Users/alper/code/CarND-Behavioral-Cloning-P3/my_training_data/IMG/right_2017_04_18_17_47_32_175.jpg,0,0,0,10.79943
/Users/alper/code/CarND-Behavioral-Cloning-P3/my_training_data/IMG/center_2017_04_18_17_47_32_242.jpg,/Users/alper/code/CarND-Behavioral-Cloning-P3/my_training_data/IMG/left_2017_04_18_17_47_32_242.jpg,/Users/alper/code/CarND-Behavioral-Cloning-P3/my_training_data/IMG/right_2017_04_18_17_47_32_242.jpg,0,0,0,10.71305
/Users/alper/code/CarND-Behavioral-Cloning-P3/my_training_data/IMG/center_2017_04_18_17_47_32_308.jpg,/Users/alper/code/CarND-Behavioral-Cloning-P3/my_training_data/IMG/left_2017_04_18_17_47_32_308.jpg,/Users/alper/code/CarND-Behavioral-Cloning-P3/my_training_data/IMG/right_2017_04_18_17_47_32_308.jpg,0,0,0,10.64871
/Users/alper/code/CarND-Behavioral-Cloning-P3/my_training_data/IMG/center_2017_04_18_17_47_32_377.jpg,/Users/alper/code/CarND-Behavioral-Cloning-P3/my_training_data/IMG/left_2017_04_18_17_47_32_377.jpg,/Users/alper/code/CarND-Behavioral-Cloning-P3/my_training_data/IMG/right_2017_04_18_17_47_32_377.jpg,0,0,0,10.56352
/Users/alper/code/CarND-Behavioral-Cloning-P3/my_training_data/IMG/center_2017_04_18_17_47_32_453.jpg,/Users/alper/code/CarND-Behavioral-Cloning-P3/my_training_data/IMG/left_2017_04_18_17_47_32_453.jpg,/Users/alper/code/CarND-Behavioral-Cloning-P3/my_training_data/IMG/right_2017_04_18_17_47_32_453.jpg,0,0,0,10.50006
/Users/alper/code/CarND-Behavioral-Cloning-P3/my_training_data/IMG/center_2017_04_18_17_47_32_529.jpg,/Users/alper/code/CarND-Behavioral-Cloning-P3/my_training_data/IMG/left_2017_04_18_17_47_32_529.jpg,/Users/alper/code/CarND-Behavioral-Cloning-P3/my_training_data/IMG/right_2017_04_18_17_47_32_529.jpg,0,0,0,10.41604
/Users/alper/code/CarND-Behavioral-Cloning-P3/my_training_data/IMG/center_2017_04_18_17_47_32_597.jpg,/Users/alper/code/CarND-Behavioral-Cloning-P3/my_training_data/IMG/left_2017_04_18_17_47_32_597.jpg,/Users/alper/code/CarND-Behavioral-Cloning-P3/my_training_data/IMG/right_2017_04_18_17_47_32_597.jpg,0,0,0,10.33268
/Users/alper/code/CarND-Behavioral-Cloning-P3/my_training_data/IMG/center_2017_04_18_17_47_32_673.jpg,/Users/alper/code/CarND-Behavioral-Cloning-P3/my_training_data/IMG/left_2017_04_18_17_47_32_673.jpg,/Users/alper/code/CarND-Behavioral-Cloning-P3/my_training_data/IMG/right_2017_04_18_17_47_32_673.jpg,0,0,0,10.27113
/Users/alper/code/CarND-Behavioral-Cloning-P3/my_training_data/IMG/center_2017_04_18_17_47_32_744.jpg,/Users/alper/code/CarND-Behavioral-Cloning-P3/my_training_data/IMG/left_2017_04_18_17_47_32_744.jpg,/Users/alper/code/CarND-Behavioral-Cloning-P3/my_training_data/IMG/right_2017_04_18_17_47_32_744.jpg,0,0,0,10.18989
/Users/alper/code/CarND-Behavioral-Cloning-P3/my_training_data/IMG/center_2017_04_18_17_47_32_815.jpg,/Users/alper/code/CarND-Behavioral-Cloning-P3/my_training_data/IMG/left_2017_04_18_17_47_32_815.jpg,/Users/alper/code/CarND-Behavioral-Cloning-P3/my_training_data/IMG/right_2017_04_18_17_47_32_815.jpg,0,0,0,10.12939
/Users/alper/code/CarND-Behavioral-Cloning-P3/my_training_data/IMG/center_2017_04_18_17_47_32_890.jpg,/Users/alper/code/CarND-Behavioral-Cloning-P3/my_training_data/IMG/left_2017_04_18_17_47_32_890.jpg,/Users/alper/code/CarND-Behavioral-Cloning-P3/my_training_data/IMG/right_2017_04_18_17_47_32_890.jpg,-0.05,0,0,10.04869
/Users/alper/code/CarND-Behavioral-Cloning-P3/my_training_data/IMG/center_2017_04_18_17_47_32_969.jpg,/Users/alper/code/CarND-Behavioral-Cloning-P3/my_training_data/IMG/left_2017_04_18_17_47_32_969.jpg,/Users/alper/code/CarND-Behavioral-Cloning-P3/my_training_data/IMG/right_2017_04_18_17_47_32_969.jpg,0,0,0,9.962827
/Users/alper/code/CarND-Behavioral-Cloning-P3/my_training_data/IMG/center_2017_04_18_17_47_33_037.jpg,/Users/alper/code/CarND-Behavioral-Cloning-P3/my_training_data/IMG/left_2017_04_18_17_47_33_037.jpg,/Users/alper/code/CarND-Behavioral-Cloning-P3/my_training_data/IMG/right_2017_04_18_17_47_33_037.jpg,0,0,0,9.883605
/Users/alper/code/CarND-Behavioral-Cloning-P3/my_training_data/IMG/center_2017_04_18_17_47_33_105.jpg,/Users/alper/code/CarND-Behavioral-Cloning-P3/my_training_data/IMG/left_2017_04_18_17_47_33_105.jpg,/Users/alper/code/CarND-Behavioral-Cloning-P3/my_training_data/IMG/right_2017_04_18_17_47_33_105.jpg,0,0,0,9.824876
/Users/alper/code/CarND-Behavioral-Cloning-P3/my_training_data/IMG/center_2017_04_18_17_47_33_177.jpg,/Users/alper/code/CarND-Behavioral-Cloning-P3/my_training_data/IMG/left_2017_04_18_17_47_33_177.jpg,/Users/alper/code/CarND-Behavioral-Cloning-P3/my_training_data/IMG/right_2017_04_18_17_47_33_177.jpg,0,0,0,9.747156
/Users/alper/code/CarND-Behavioral-Cloning-P3/my_training_data/IMG/center_2017_04_18_17_47_33_246.jpg,/Users/alper/code/CarND-Behavioral-Cloning-P3/my_training_data/IMG/left_2017_04_18_17_47_33_246.jpg,/Users/alper/code/CarND-Behavioral-Cloning-P3/my_training_data/IMG/right_2017_04_18_17_47_33_246.jpg,0,0,0,9.689275
/Users/alper/code/CarND-Behavioral-Cloning-P3/my_training_data/IMG/center_2017_04_18_17_47_33_320.jpg,/Users/alper/code/CarND-Behavioral-Cloning-P3/my_training_data/IMG/left_2017_04_18_17_47_33_320.jpg,/Users/alper/code/CarND-Behavioral-Cloning-P3/my_training_data/IMG/right_2017_04_18_17_47_33_320.jpg,0,0,0,9.612637
/Users/alper/code/CarND-Behavioral-Cloning-P3/my_training_data/IMG/center_2017_04_18_17_47_33_396.jpg,/Users/alper/code/CarND-Behavioral-Cloning-P3/my_training_data/IMG/left_2017_04_18_17_47_33_396.jpg,/Users/alper/code/CarND-Behavioral-Cloning-P3/my_training_data/IMG/right_2017_04_18_17_47_33_396.jpg,0,0,0,9.536613
/Users/alper/code/CarND-Behavioral-Cloning-P3/my_training_data/IMG/center_2017_04_18_17_47_33_465.jpg,/Users/alper/code/CarND-Behavioral-Cloning-P3/my_training_data/IMG/left_2017_04_18_17_47_33_465.jpg,/Users/alper/code/CarND-Behavioral-Cloning-P3/my_training_data/IMG/right_2017_04_18_17_47_33_465.jpg,-0.1,0,0,9.477456
/Users/alper/code/CarND-Behavioral-Cloning-P3/my_training_data/IMG/center_2017_04_18_17_47_33_546.jpg,/Users/alper/code/CarND-Behavioral-Cloning-P3/my_training_data/IMG/left_2017_04_18_17_47_33_546.jpg,/Users/alper/code/CarND-Behavioral-Cloning-P3/my_training_data/IMG/right_2017_04_18_17_47_33_546.jpg,-0.2373598,0,0,9.381655
/Users/alper/code/CarND-Behavioral-Cloning-P3/my_training_data/IMG/center_2017_04_18_17_47_33_623.jpg,/Users/alper/code/CarND-Behavioral-Cloning-P3/my_training_data/IMG/left_2017_04_18_17_47_33_623.jpg,/Users/alper/code/CarND-Behavioral-Cloning-P3/my_training_data/IMG/right_2017_04_18_17_47_33_623.jpg,-0.006314814,0,0,9.305952
/Users/alper/code/CarND-Behavioral-Cloning-P3/my_training_data/IMG/center_2017_04_18_17_47_33_700.jpg,/Users/alper/code/CarND-Behavioral-Cloning-P3/my_training_data/IMG/left_2017_04_18_17_47_33_700.jpg,/Users/alper/code/CarND-Behavioral-Cloning-P3/my_training_data/IMG/right_2017_04_18_17_47_33_700.jpg,0,0,0,9.230383
/Users/alper/code/CarND-Behavioral-Cloning-P3/my_training_data/IMG/center_2017_04_18_17_47_33_768.jpg,/Users/alper/code/CarND-Behavioral-Cloning-P3/my_training_data/IMG/left_2017_04_18_17_47_33_768.jpg,/Users/alper/code/CarND-Behavioral-Cloning-P3/my_training_data/IMG/right_2017_04_18_17_47_33_768.jpg,0,0,0,9.175303
/Users/alper/code/CarND-Behavioral-Cloning-P3/my_training_data/IMG/center_2017_04_18_17_47_33_846.jpg,/Users/alper/code/CarND-Behavioral-Cloning-P3/my_training_data/IMG/left_2017_04_18_17_47_33_846.jpg,/Users/alper/code/CarND-Behavioral-Cloning-P3/my_training_data/IMG/right_2017_04_18_17_47_33_846.jpg,0,0,0,9.102537
/Users/alper/code/CarND-Behavioral-Cloning-P3/my_training_data/IMG/center_2017_04_18_17_47_33_916.jpg,/Users/alper/code/CarND-Behavioral-Cloning-P3/my_training_data/IMG/left_2017_04_18_17_47_33_916.jpg,/Users/alper/code/CarND-Behavioral-Cloning-P3/my_training_data/IMG/right_2017_04_18_17_47_33_916.jpg,0,0,0,9.030367
/Users/alper/code/CarND-Behavioral-Cloning-P3/my_training_data/IMG/center_2017_04_18_17_47_33_995.jpg,/Users/alper/code/CarND-Behavioral-Cloning-P3/my_training_data/IMG/left_2017_04_18_17_47_33_995.jpg,/Users/alper/code/CarND-Behavioral-Cloning-P3/my_training_data/IMG/right_2017_04_18_17_47_33_995.jpg,0,0,0,8.976618
/Users/alper/code/CarND-Behavioral-Cloning-P3/my_training_data/IMG/center_2017_04_18_17_47_34_066.jpg,/Users/alper/code/CarND-Behavioral-Cloning-P3/my_training_data/IMG/left_2017_04_18_17_47_34_066.jpg,/Users/alper/code/CarND-Behavioral-Cloning-P3/my_training_data/IMG/right_2017_04_18_17_47_34_066.jpg,0,0,0,8.905454
/Users/alper/code/CarND-Behavioral-Cloning-P3/my_training_data/IMG/center_2017_04_18_17_47_34_134.jpg,/Users/alper/code/CarND-Behavioral-Cloning-P3/my_training_data/IMG/left_2017_04_18_17_47_34_134.jpg,/Users/alper/code/CarND-Behavioral-Cloning-P3/my_training_data/IMG/right_2017_04_18_17_47_34_134.jpg,0,0,0,8.852458
/Users/alper/code/CarND-Behavioral-Cloning-P3/my_training_data/IMG/center_2017_04_18_17_47_34_202.jpg,/Users/alper/code/CarND-Behavioral-Cloning-P3/my_training_data/IMG/left_2017_04_18_17_47_34_202.jpg,/Users/alper/code/CarND-Behavioral-Cloning-P3/my_training_data/IMG/right_2017_04_18_17_47_34_202.jpg,0,0,0,8.782292
/Users/alper/code/CarND-Behavioral-Cloning-P3/my_training_data/IMG/center_2017_04_18_17_47_34_276.jpg,/Users/alper/code/CarND-Behavioral-Cloning-P3/my_training_data/IMG/left_2017_04_18_17_47_34_276.jpg,/Users/alper/code/CarND-Behavioral-Cloning-P3/my_training_data/IMG/right_2017_04_18_17_47_34_276.jpg,0,0,0,8.712691
/Users/alper/code/CarND-Behavioral-Cloning-P3/my_training_data/IMG/center_2017_04_18_17_47_34_347.jpg,/Users/alper/code/CarND-Behavioral-Cloning-P3/my_training_data/IMG/left_2017_04_18_17_47_34_347.jpg,/Users/alper/code/CarND-Behavioral-Cloning-P3/my_training_data/IMG/right_2017_04_18_17_47_34_347.jpg,0,0,0,8.660857
/Users/alper/code/CarND-Behavioral-Cloning-P3/my_training_data/IMG/center_2017_04_18_17_47_34_423.jpg,/Users/alper/code/CarND-Behavioral-Cloning-P3/my_training_data/IMG/left_2017_04_18_17_47_34_423.jpg,/Users/alper/code/CarND-Behavioral-Cloning-P3/my_training_data/IMG/right_2017_04_18_17_47_34_423.jpg,0,0,0,8.592231
/Users/alper/code/CarND-Behavioral-Cloning-P3/my_training_data/IMG/center_2017_04_18_17_47_34_490.jpg,/Users/alper/code/CarND-Behavioral-Cloning-P3/my_training_data/IMG/left_2017_04_18_17_47_34_490.jpg,/Users/alper/code/CarND-Behavioral-Cloning-P3/my_training_data/IMG/right_2017_04_18_17_47_34_490.jpg,0,0,0,8.541125
/Users/alper/code/CarND-Behavioral-Cloning-P3/my_training_data/IMG/center_2017_04_18_17_47_34_563.jpg,/Users/alper/code/CarND-Behavioral-Cloning-P3/my_training_data/IMG/left_2017_04_18_17_47_34_563.jpg,/Users/alper/code/CarND-Behavioral-Cloning-P3/my_training_data/IMG/right_2017_04_18_17_47_34_563.jpg,0,0,0,8.473463
/Users/alper/code/CarND-Behavioral-Cloning-P3/my_training_data/IMG/center_2017_04_18_17_47_34_640.jpg,/Users/alper/code/CarND-Behavioral-Cloning-P3/my_training_data/IMG/left_2017_04_18_17_47_34_640.jpg,/Users/alper/code/CarND-Behavioral-Cloning-P3/my_training_data/IMG/right_2017_04_18_17_47_34_640.jpg,-0.1,0,0,8.40392
/Users/alper/code/CarND-Behavioral-Cloning-P3/my_training_data/IMG/center_2017_04_18_17_47_34_717.jpg,/Users/alper/code/CarND-Behavioral-Cloning-P3/my_training_data/IMG/left_2017_04_18_17_47_34_717.jpg,/Users/alper/code/CarND-Behavioral-Cloning-P3/my_training_data/IMG/right_2017_04_18_17_47_34_717.jpg,-0.2679511,0,0,8.316466
/Users/alper/code/CarND-Behavioral-Cloning-P3/my_training_data/IMG/center_2017_04_18_17_47_34_791.jpg,/Users/alper/code/CarND-Behavioral-Cloning-P3/my_training_data/IMG/left_2017_04_18_17_47_34_791.jpg,/Users/alper/code/CarND-Behavioral-Cloning-P3/my_training_data/IMG/right_2017_04_18_17_47_34_791.jpg,-0.0758341,0,0,8.266367
/Users/alper/code/CarND-Behavioral-Cloning-P3/my_training_data/IMG/center_2017_04_18_17_47_34_867.jpg,/Users/alper/code/CarND-Behavioral-Cloning-P3/my_training_data/IMG/left_2017_04_18_17_47_34_867.jpg,/Users/alper/code/CarND-Behavioral-Cloning-P3/my_training_data/IMG/right_2017_04_18_17_47_34_867.jpg,0,0,0,8.197319
/Users/alper/code/CarND-Behavioral-Cloning-P3/my_training_data/IMG/center_2017_04_18_17_47_34_943.jpg,/Users/alper/code/CarND-Behavioral-Cloning-P3/my_training_data/IMG/left_2017_04_18_17_47_34_943.jpg,/Users/alper/code/CarND-Behavioral-Cloning-P3/my_training_data/IMG/right_2017_04_18_17_47_34_943.jpg,0,0,0,8.131919
/Users/alper/code/CarND-Behavioral-Cloning-P3/my_training_data/IMG/center_2017_04_18_17_47_35_017.jpg,/Users/alper/code/CarND-Behavioral-Cloning-P3/my_training_data/IMG/left_2017_04_18_17_47_35_017.jpg,/Users/alper/code/CarND-Behavioral-Cloning-P3/my_training_data/IMG/right_2017_04_18_17_47_35_017.jpg,0,0,0,8.067306
/Users/alper/code/CarND-Behavioral-Cloning-P3/my_training_data/IMG/center_2017_04_18_17_47_35_092.jpg,/Users/alper/code/CarND-Behavioral-Cloning-P3/my_training_data/IMG/left_2017_04_18_17_47_35_092.jpg,/Users/alper/code/CarND-Behavioral-Cloning-P3/my_training_data/IMG/right_2017_04_18_17_47_35_092.jpg,0,0,0,8.019144
/Users/alper/code/CarND-Behavioral-Cloning-P3/my_training_data/IMG/center_2017_04_18_17_47_35_163.jpg,/Users/alper/code/CarND-Behavioral-Cloning-P3/my_training_data/IMG/left_2017_04_18_17_47_35_163.jpg,/Users/alper/code/CarND-Behavioral-Cloning-P3/my_training_data/IMG/right_2017_04_18_17_47_35_163.jpg,0,0,0,7.95525
/Users/alper/code/CarND-Behavioral-Cloning-P3/my_training_data/IMG/center_2017_04_18_17_47_35_233.jpg,/Users/alper/code/CarND-Behavioral-Cloning-P3/my_training_data/IMG/left_2017_04_18_17_47_35_233.jpg,/Users/alper/code/CarND-Behavioral-Cloning-P3/my_training_data/IMG/right_2017_04_18_17_47_35_233.jpg,0,0.1007189,0,7.925214
/Users/alper/code/CarND-Behavioral-Cloning-P3/my_training_data/IMG/center_2017_04_18_17_47_35_306.jpg,/Users/alper/code/CarND-Behavioral-Cloning-P3/my_training_data/IMG/left_2017_04_18_17_47_35_306.jpg,/Users/alper/code/CarND-Behavioral-Cloning-P3/my_training_data/IMG/right_2017_04_18_17_47_35_306.jpg,0,0.253674,0,8.051912
/Users/alper/code/CarND-Behavioral-Cloning-P3/my_training_data/IMG/center_2017_04_18_17_47_35_373.jpg,/Users/alper/code/CarND-Behavioral-Cloning-P3/my_training_data/IMG/left_2017_04_18_17_47_35_373.jpg,/Users/alper/code/CarND-Behavioral-Cloning-P3/my_training_data/IMG/right_2017_04_18_17_47_35_373.jpg,0,0.08408099,0,8.118672
/Users/alper/code/CarND-Behavioral-Cloning-P3/my_training_data/IMG/center_2017_04_18_17_47_35_449.jpg,/Users/alper/code/CarND-Behavioral-Cloning-P3/my_training_data/IMG/left_2017_04_18_17_47_35_449.jpg,/Users/alper/code/CarND-Behavioral-Cloning-P3/my_training_data/IMG/right_2017_04_18_17_47_35_449.jpg,0,0,0,8.062314
/Users/alper/code/CarND-Behavioral-Cloning-P3/my_training_data/IMG/center_2017_04_18_17_47_35_525.jpg,/Users/alper/code/CarND-Behavioral-Cloning-P3/my_training_data/IMG/left_2017_04_18_17_47_35_525.jpg,/Users/alper/code/CarND-Behavioral-Cloning-P3/my_training_data/IMG/right_2017_04_18_17_47_35_525.jpg,-0.15,0,0,7.992544
/Users/alper/code/CarND-Behavioral-Cloning-P3/my_training_data/IMG/center_2017_04_18_17_47_35_598.jpg,/Users/alper/code/CarND-Behavioral-Cloning-P3/my_training_data/IMG/left_2017_04_18_17_47_35_598.jpg,/Users/alper/code/CarND-Behavioral-Cloning-P3/my_training_data/IMG/right_2017_04_18_17_47_35_598.jpg,-0.2668889,0,0,7.907505
/Users/alper/code/CarND-Behavioral-Cloning-P3/my_training_data/IMG/center_2017_04_18_17_47_35_674.jpg,/Users/alper/code/CarND-Behavioral-Cloning-P3/my_training_data/IMG/left_2017_04_18_17_47_35_674.jpg,/Users/alper/code/CarND-Behavioral-Cloning-P3/my_training_data/IMG/right_2017_04_18_17_47_35_674.jpg,-0.06801277,0,0,7.860501
/Users/alper/code/CarND-Behavioral-Cloning-P3/my_training_data/IMG/center_2017_04_18_17_47_35_752.jpg,/Users/alper/code/CarND-Behavioral-Cloning-P3/my_training_data/IMG/left_2017_04_18_17_47_35_752.jpg,/Users/alper/code/CarND-Behavioral-Cloning-P3/my_training_data/IMG/right_2017_04_18_17_47_35_752.jpg,0,0,0,7.793367
/Users/alper/code/CarND-Behavioral-Cloning-P3/my_training_data/IMG/center_2017_04_18_17_47_35_820.jpg,/Users/alper/code/CarND-Behavioral-Cloning-P3/my_training_data/IMG/left_2017_04_18_17_47_35_820.jpg,/Users/alper/code/CarND-Behavioral-Cloning-P3/my_training_data/IMG/right_2017_04_18_17_47_35_820.jpg,-0.2,0,0,7.723909
/Users/alper/code/CarND-Behavioral-Cloning-P3/my_training_data/IMG/center_2017_04_18_17_47_35_894.jpg,/Users/alper/code/CarND-Behavioral-Cloning-P3/my_training_data/IMG/left_2017_04_18_17_47_35_894.jpg,/Users/alper/code/CarND-Behavioral-Cloning-P3/my_training_data/IMG/right_2017_04_18_17_47_35_894.jpg,-0.07536614,0,0,7.675042
/Users/alper/code/CarND-Behavioral-Cloning-P3/my_training_data/IMG/center_2017_04_18_17_47_35_970.jpg,/Users/alper/code/CarND-Behavioral-Cloning-P3/my_training_data/IMG/left_2017_04_18_17_47_35_970.jpg,/Users/alper/code/CarND-Behavioral-Cloning-P3/my_training_data/IMG/right_2017_04_18_17_47_35_970.jpg,0,0,0,7.61092
/Users/alper/code/CarND-Behavioral-Cloning-P3/my_training_data/IMG/center_2017_04_18_17_47_36_047.jpg,/Users/alper/code/CarND-Behavioral-Cloning-P3/my_training_data/IMG/left_2017_04_18_17_47_36_047.jpg,/Users/alper/code/CarND-Behavioral-Cloning-P3/my_training_data/IMG/right_2017_04_18_17_47_36_047.jpg,0,0,0,7.549675
/Users/alper/code/CarND-Behavioral-Cloning-P3/my_training_data/IMG/center_2017_04_18_17_47_36_118.jpg,/Users/alper/code/CarND-Behavioral-Cloning-P3/my_training_data/IMG/left_2017_04_18_17_47_36_118.jpg,/Users/alper/code/CarND-Behavioral-Cloning-P3/my_training_data/IMG/right_2017_04_18_17_47_36_118.jpg,-0.15,0,0,7.484767
/Users/alper/code/CarND-Behavioral-Cloning-P3/my_training_data/IMG/center_2017_04_18_17_47_36_188.jpg,/Users/alper/code/CarND-Behavioral-Cloning-P3/my_training_data/IMG/left_2017_04_18_17_47_36_188.jpg,/Users/alper/code/CarND-Behavioral-Cloning-P3/my_training_data/IMG/right_2017_04_18_17_47_36_188.jpg,-0.1273229,0,0,7.433105
/Users/alper/code/CarND-Behavioral-Cloning-P3/my_training_data/IMG/center_2017_04_18_17_47_36_256.jpg,/Users/alper/code/CarND-Behavioral-Cloning-P3/my_training_data/IMG/left_2017_04_18_17_47_36_256.jpg,/Users/alper/code/CarND-Behavioral-Cloning-P3/my_training_data/IMG/right_2017_04_18_17_47_36_256.jpg,0,0,0,7.371781
/Users/alper/code/CarND-Behavioral-Cloning-P3/my_training_data/IMG/center_2017_04_18_17_47_36_328.jpg,/Users/alper/code/CarND-Behavioral-Cloning-P3/my_training_data/IMG/left_2017_04_18_17_47_36_328.jpg,/Users/alper/code/CarND-Behavioral-Cloning-P3/my_training_data/IMG/right_2017_04_18_17_47_36_328.jpg,-0.1,0,0,7.326031
/Users/alper/code/CarND-Behavioral-Cloning-P3/my_training_data/IMG/center_2017_04_18_17_47_36_400.jpg,/Users/alper/code/CarND-Behavioral-Cloning-P3/my_training_data/IMG/left_2017_04_18_17_47_36_400.jpg,/Users/alper/code/CarND-Behavioral-Cloning-P3/my_training_data/IMG/right_2017_04_18_17_47_36_400.jpg,-0.1536688,0,0,7.257565
/Users/alper/code/CarND-Behavioral-Cloning-P3/my_training_data/IMG/center_2017_04_18_17_47_36_469.jpg,/Users/alper/code/CarND-Behavioral-Cloning-P3/my_training_data/IMG/left_2017_04_18_17_47_36_469.jpg,/Users/alper/code/CarND-Behavioral-Cloning-P3/my_training_data/IMG/right_2017_04_18_17_47_36_469.jpg,0,0,0,7.21213
/Users/alper/code/CarND-Behavioral-Cloning-P3/my_training_data/IMG/center_2017_04_18_17_47_36_539.jpg,/Users/alper/code/CarND-Behavioral-Cloning-P3/my_training_data/IMG/left_2017_04_18_17_47_36_539.jpg,/Users/alper/code/CarND-Behavioral-Cloning-P3/my_training_data/IMG/right_2017_04_18_17_47_36_539.jpg,-0.2,0,0,7.148925
/Users/alper/code/CarND-Behavioral-Cloning-P3/my_training_data/IMG/center_2017_04_18_17_47_36_612.jpg,/Users/alper/code/CarND-Behavioral-Cloning-P3/my_training_data/IMG/left_2017_04_18_17_47_36_612.jpg,/Users/alper/code/CarND-Behavioral-Cloning-P3/my_training_data/IMG/right_2017_04_18_17_47_36_612.jpg,-0.1733549,0,0,7.098824
/Users/alper/code/CarND-Behavioral-Cloning-P3/my_training_data/IMG/center_2017_04_18_17_47_36_680.jpg,/Users/alper/code/CarND-Behavioral-Cloning-P3/my_training_data/IMG/left_2017_04_18_17_47_36_680.jpg,/Users/alper/code/CarND-Behavioral-Cloning-P3/my_training_data/IMG/right_2017_04_18_17_47_36_680.jpg,0,0,0,7.039161
/Users/alper/code/CarND-Behavioral-Cloning-P3/my_training_data/IMG/center_2017_04_18_17_47_36_760.jpg,/Users/alper/code/CarND-Behavioral-Cloning-P3/my_training_data/IMG/left_2017_04_18_17_47_36_760.jpg,/Users/alper/code/CarND-Behavioral-Cloning-P3/my_training_data/IMG/right_2017_04_18_17_47_36_760.jpg,-0.08441108,0.2386109,0,7.11797
/Users/alper/code/CarND-Behavioral-Cloning-P3/my_training_data/IMG/center_2017_04_18_17_47_36_830.jpg,/Users/alper/code/CarND-Behavioral-Cloning-P3/my_training_data/IMG/left_2017_04_18_17_47_36_830.jpg,/Users/alper/code/CarND-Behavioral-Cloning-P3/my_training_data/IMG/right_2017_04_18_17_47_36_830.jpg,0,0.134109,0,7.217105
/Users/alper/code/CarND-Behavioral-Cloning-P3/my_training_data/IMG/center_2017_04_18_17_47_36_898.jpg,/Users/alper/code/CarND-Behavioral-Cloning-P3/my_training_data/IMG/left_2017_04_18_17_47_36_898.jpg,/Users/alper/code/CarND-Behavioral-Cloning-P3/my_training_data/IMG/right_2017_04_18_17_47_36_898.jpg,0,0,0,7.184835
/Users/alper/code/CarND-Behavioral-Cloning-P3/my_training_data/IMG/center_2017_04_18_17_47_36_974.jpg,/Users/alper/code/CarND-Behavioral-Cloning-P3/my_training_data/IMG/left_2017_04_18_17_47_36_974.jpg,/Users/alper/code/CarND-Behavioral-Cloning-P3/my_training_data/IMG/right_2017_04_18_17_47_36_974.jpg,-0.1,0,0,7.139715
/Users/alper/code/CarND-Behavioral-Cloning-P3/my_training_data/IMG/center_2017_04_18_17_47_37_051.jpg,/Users/alper/code/CarND-Behavioral-Cloning-P3/my_training_data/IMG/left_2017_04_18_17_47_37_051.jpg,/Users/alper/code/CarND-Behavioral-Cloning-P3/my_training_data/IMG/right_2017_04_18_17_47_37_051.jpg,-0.2294338,0,0,7.067923
/Users/alper/code/CarND-Behavioral-Cloning-P3/my_training_data/IMG/center_2017_04_18_17_47_37_120.jpg,/Users/alper/code/CarND-Behavioral-Cloning-P3/my_training_data/IMG/left_2017_04_18_17_47_37_120.jpg,/Users/alper/code/CarND-Behavioral-Cloning-P3/my_training_data/IMG/right_2017_04_18_17_47_37_120.jpg,0,0,0,7.009687
/Users/alper/code/CarND-Behavioral-Cloning-P3/my_training_data/IMG/center_2017_04_18_17_47_37_193.jpg,/Users/alper/code/CarND-Behavioral-Cloning-P3/my_training_data/IMG/left_2017_04_18_17_47_37_193.jpg,/Users/alper/code/CarND-Behavioral-Cloning-P3/my_training_data/IMG/right_2017_04_18_17_47_37_193.jpg,-0.15,0,0,6.965499
/Users/alper/code/CarND-Behavioral-Cloning-P3/my_training_data/IMG/center_2017_04_18_17_47_37_262.jpg,/Users/alper/code/CarND-Behavioral-Cloning-P3/my_training_data/IMG/left_2017_04_18_17_47_37_262.jpg,/Users/alper/code/CarND-Behavioral-Cloning-P3/my_training_data/IMG/right_2017_04_18_17_47_37_262.jpg,-0.115878,0,0,6.902013
/Users/alper/code/CarND-Behavioral-Cloning-P3/my_training_data/IMG/center_2017_04_18_17_47_37_330.jpg,/Users/alper/code/CarND-Behavioral-Cloning-P3/my_training_data/IMG/left_2017_04_18_17_47_37_330.jpg,/Users/alper/code/CarND-Behavioral-Cloning-P3/my_training_data/IMG/right_2017_04_18_17_47_37_330.jpg,0,0,0,6.857737
/Users/alper/code/CarND-Behavioral-Cloning-P3/my_training_data/IMG/center_2017_04_18_17_47_37_402.jpg,/Users/alper/code/CarND-Behavioral-Cloning-P3/my_training_data/IMG/left_2017_04_18_17_47_37_402.jpg,/Users/alper/code/CarND-Behavioral-Cloning-P3/my_training_data/IMG/right_2017_04_18_17_47_37_402.jpg,-0.058038,0,0,6.801153
/Users/alper/code/CarND-Behavioral-Cloning-P3/my_training_data/IMG/center_2017_04_18_17_47_37_469.jpg,/Users/alper/code/CarND-Behavioral-Cloning-P3/my_training_data/IMG/left_2017_04_18_17_47_37_469.jpg,/Users/alper/code/CarND-Behavioral-Cloning-P3/my_training_data/IMG/right_2017_04_18_17_47_37_469.jpg,0,0,0,6.759182
/Users/alper/code/CarND-Behavioral-Cloning-P3/my_training_data/IMG/center_2017_04_18_17_47_37_539.jpg,/Users/alper/code/CarND-Behavioral-Cloning-P3/my_training_data/IMG/left_2017_04_18_17_47_37_539.jpg,/Users/alper/code/CarND-Behavioral-Cloning-P3/my_training_data/IMG/right_2017_04_18_17_47_37_539.jpg,-0.15,0,0,6.701056
/Users/alper/code/CarND-Behavioral-Cloning-P3/my_training_data/IMG/center_2017_04_18_17_47_37_611.jpg,/Users/alper/code/CarND-Behavioral-Cloning-P3/my_training_data/IMG/left_2017_04_18_17_47_37_611.jpg,/Users/alper/code/CarND-Behavioral-Cloning-P3/my_training_data/IMG/right_2017_04_18_17_47_37_611.jpg,-0.263472,0,0,6.648298
/Users/alper/code/CarND-Behavioral-Cloning-P3/my_training_data/IMG/center_2017_04_18_17_47_37_683.jpg,/Users/alper/code/CarND-Behavioral-Cloning-P3/my_training_data/IMG/left_2017_04_18_17_47_37_683.jpg,/Users/alper/code/CarND-Behavioral-Cloning-P3/my_training_data/IMG/right_2017_04_18_17_47_37_683.jpg,-0.02065194,0.03551996,0,6.600746
/Users/alper/code/CarND-Behavioral-Cloning-P3/my_training_data/IMG/center_2017_04_18_17_47_37_753.jpg,/Users/alper/code/CarND-Behavioral-Cloning-P3/my_training_data/IMG/left_2017_04_18_17_47_37_753.jpg,/Users/alper/code/CarND-Behavioral-Cloning-P3/my_training_data/IMG/right_2017_04_18_17_47_37_753.jpg,0,0.2148539,0,6.661259
/Users/alper/code/CarND-Behavioral-Cloning-P3/my_training_data/IMG/center_2017_04_18_17_47_37_823.jpg,/Users/alper/code/CarND-Behavioral-Cloning-P3/my_training_data/IMG/left_2017_04_18_17_47_37_823.jpg,/Users/alper/code/CarND-Behavioral-Cloning-P3/my_training_data/IMG/right_2017_04_18_17_47_37_823.jpg,-0.1,0.31758,0,6.917329
/Users/alper/code/CarND-Behavioral-Cloning-P3/my_training_data/IMG/center_2017_04_18_17_47_37_896.jpg,/Users/alper/code/CarND-Behavioral-Cloning-P3/my_training_data/IMG/left_2017_04_18_17_47_37_896.jpg,/Users/alper/code/CarND-Behavioral-Cloning-P3/my_training_data/IMG/right_2017_04_18_17_47_37_896.jpg,-0.2263139,0.09838504,0,7.029563
/Users/alper/code/CarND-Behavioral-Cloning-P3/my_training_data/IMG/center_2017_04_18_17_47_37_965.jpg,/Users/alper/code/CarND-Behavioral-Cloning-P3/my_training_data/IMG/left_2017_04_18_17_47_37_965.jpg,/Users/alper/code/CarND-Behavioral-Cloning-P3/my_training_data/IMG/right_2017_04_18_17_47_37_965.jpg,-0.1422558,0,0,7.001674
/Users/alper/code/CarND-Behavioral-Cloning-P3/my_training_data/IMG/center_2017_04_18_17_47_38_038.jpg,/Users/alper/code/CarND-Behavioral-Cloning-P3/my_training_data/IMG/left_2017_04_18_17_47_38_038.jpg,/Users/alper/code/CarND-Behavioral-Cloning-P3/my_training_data/IMG/right_2017_04_18_17_47_38_038.jpg,-0.3422558,0,0,6.931845
/Users/alper/code/CarND-Behavioral-Cloning-P3/my_training_data/IMG/center_2017_04_18_17_47_38_112.jpg,/Users/alper/code/CarND-Behavioral-Cloning-P3/my_training_data/IMG/left_2017_04_18_17_47_38_112.jpg,/Users/alper/code/CarND-Behavioral-Cloning-P3/my_training_data/IMG/right_2017_04_18_17_47_38_112.jpg,-0.2202299,0.140844,0,6.938443
/Users/alper/code/CarND-Behavioral-Cloning-P3/my_training_data/IMG/center_2017_04_18_17_47_38_186.jpg,/Users/alper/code/CarND-Behavioral-Cloning-P3/my_training_data/IMG/left_2017_04_18_17_47_38_186.jpg,/Users/alper/code/CarND-Behavioral-Cloning-P3/my_training_data/IMG/right_2017_04_18_17_47_38_186.jpg,-0.09161589,0.174909,0,7.096097
/Users/alper/code/CarND-Behavioral-Cloning-P3/my_training_data/IMG/center_2017_04_18_17_47_38_260.jpg,/Users/alper/code/CarND-Behavioral-Cloning-P3/my_training_data/IMG/left_2017_04_18_17_47_38_260.jpg,/Users/alper/code/CarND-Behavioral-Cloning-P3/my_training_data/IMG/right_2017_04_18_17_47_38_260.jpg,-0.2916159,0,0,7.092007
/Users/alper/code/CarND-Behavioral-Cloning-P3/my_training_data/IMG/center_2017_04_18_17_47_38_332.jpg,/Users/alper/code/CarND-Behavioral-Cloning-P3/my_training_data/IMG/left_2017_04_18_17_47_38_332.jpg,/Users/alper/code/CarND-Behavioral-Cloning-P3/my_training_data/IMG/right_2017_04_18_17_47_38_332.jpg,-0.08703624,0,0,7.05006
/Users/alper/code/CarND-Behavioral-Cloning-P3/my_training_data/IMG/center_2017_04_18_17_47_38_401.jpg,/Users/alper/code/CarND-Behavioral-Cloning-P3/my_training_data/IMG/left_2017_04_18_17_47_38_401.jpg,/Users/alper/code/CarND-Behavioral-Cloning-P3/my_training_data/IMG/right_2017_04_18_17_47_38_401.jpg,0,0,0,6.99999
/Users/alper/code/CarND-Behavioral-Cloning-P3/my_training_data/IMG/center_2017_04_18_17_47_38_477.jpg,/Users/alper/code/CarND-Behavioral-Cloning-P3/my_training_data/IMG/left_2017_04_18_17_47_38_477.jpg,/Users/alper/code/CarND-Behavioral-Cloning-P3/my_training_data/IMG/right_2017_04_18_17_47_38_477.jpg,0,0,0,6.943454
/Users/alper/code/CarND-Behavioral-Cloning-P3/my_training_data/IMG/center_2017_04_18_17_47_38_552.jpg,/Users/alper/code/CarND-Behavioral-Cloning-P3/my_training_data/IMG/left_2017_04_18_17_47_38_552.jpg,/Users/alper/code/CarND-Behavioral-Cloning-P3/my_training_data/IMG/right_2017_04_18_17_47_38_552.jpg,0,0,0,6.901541
/Users/alper/code/CarND-Behavioral-Cloning-P3/my_training_data/IMG/center_2017_04_18_17_47_38_624.jpg,/Users/alper/code/CarND-Behavioral-Cloning-P3/my_training_data/IMG/left_2017_04_18_17_47_38_624.jpg,/Users/alper/code/CarND-Behavioral-Cloning-P3/my_training_data/IMG/right_2017_04_18_17_47_38_624.jpg,-0.2,0,0,6.837605
/Users/alper/code/CarND-Behavioral-Cloning-P3/my_training_data/IMG/center_2017_04_18_17_47_38_697.jpg,/Users/alper/code/CarND-Behavioral-Cloning-P3/my_training_data/IMG/left_2017_04_18_17_47_38_697.jpg,/Users/alper/code/CarND-Behavioral-Cloning-P3/my_training_data/IMG/right_2017_04_18_17_47_38_697.jpg,-0.247245,0,0,6.766236
/Users/alper/code/CarND-Behavioral-Cloning-P3/my_training_data/IMG/center_2017_04_18_17_47_38_775.jpg,/Users/alper/code/CarND-Behavioral-Cloning-P3/my_training_data/IMG/left_2017_04_18_17_47_38_775.jpg,/Users/alper/code/CarND-Behavioral-Cloning-P3/my_training_data/IMG/right_2017_04_18_17_47_38_775.jpg,-0.04903185,0.1657889,0,6.788257
/Users/alper/code/CarND-Behavioral-Cloning-P3/my_training_data/IMG/center_2017_04_18_17_47_38_850.jpg,/Users/alper/code/CarND-Behavioral-Cloning-P3/my_training_data/IMG/left_2017_04_18_17_47_38_850.jpg,/Users/alper/code/CarND-Behavioral-Cloning-P3/my_training_data/IMG/right_2017_04_18_17_47_38_850.jpg,-0.2490318,0,0,6.772843
/Users/alper/code/CarND-Behavioral-Cloning-P3/my_training_data/IMG/center_2017_04_18_17_47_38_927.jpg,/Users/alper/code/CarND-Behavioral-Cloning-P3/my_training_data/IMG/left_2017_04_18_17_47_38_927.jpg,/Users/alper/code/CarND-Behavioral-Cloning-P3/my_training_data/IMG/right_2017_04_18_17_47_38_927.jpg,-0.04886699,0,0,6.717795
/Users/alper/code/CarND-Behavioral-Cloning-P3/my_training_data/IMG/center_2017_04_18_17_47_39_000.jpg,/Users/alper/code/CarND-Behavioral-Cloning-P3/my_training_data/IMG/left_2017_04_18_17_47_39_000.jpg,/Users/alper/code/CarND-Behavioral-Cloning-P3/my_training_data/IMG/right_2017_04_18_17_47_39_000.jpg,0,0,0,6.661493
/Users/alper/code/CarND-Behavioral-Cloning-P3/my_training_data/IMG/center_2017_04_18_17_47_39_068.jpg,/Users/alper/code/CarND-Behavioral-Cloning-P3/my_training_data/IMG/left_2017_04_18_17_47_39_068.jpg,/Users/alper/code/CarND-Behavioral-Cloning-P3/my_training_data/IMG/right_2017_04_18_17_47_39_068.jpg,-0.1,0,0,6.619892
/Users/alper/code/CarND-Behavioral-Cloning-P3/my_training_data/IMG/center_2017_04_18_17_47_39_138.jpg,/Users/alper/code/CarND-Behavioral-Cloning-P3/my_training_data/IMG/left_2017_04_18_17_47_39_138.jpg,/Users/alper/code/CarND-Behavioral-Cloning-P3/my_training_data/IMG/right_2017_04_18_17_47_39_138.jpg,-0.3,0,0,6.549873
/Users/alper/code/CarND-Behavioral-Cloning-P3/my_training_data/IMG/center_2017_04_18_17_47_39_209.jpg,/Users/alper/code/CarND-Behavioral-Cloning-P3/my_training_data/IMG/left_2017_04_18_17_47_39_209.jpg,/Users/alper/code/CarND-Behavioral-Cloning-P3/my_training_data/IMG/right_2017_04_18_17_47_39_209.jpg,-0.2421541,0,0,6.503324
/Users/alper/code/CarND-Behavioral-Cloning-P3/my_training_data/IMG/center_2017_04_18_17_47_39_281.jpg,/Users/alper/code/CarND-Behavioral-Cloning-P3/my_training_data/IMG/left_2017_04_18_17_47_39_281.jpg,/Users/alper/code/CarND-Behavioral-Cloning-P3/my_training_data/IMG/right_2017_04_18_17_47_39_281.jpg,0,0,0,6.449203
/Users/alper/code/CarND-Behavioral-Cloning-P3/my_training_data/IMG/center_2017_04_18_17_47_39_348.jpg,/Users/alper/code/CarND-Behavioral-Cloning-P3/my_training_data/IMG/left_2017_04_18_17_47_39_348.jpg,/Users/alper/code/CarND-Behavioral-Cloning-P3/my_training_data/IMG/right_2017_04_18_17_47_39_348.jpg,0,0,0,6.408664
/Users/alper/code/CarND-Behavioral-Cloning-P3/my_training_data/IMG/center_2017_04_18_17_47_39_417.jpg,/Users/alper/code/CarND-Behavioral-Cloning-P3/my_training_data/IMG/left_2017_04_18_17_47_39_417.jpg,/Users/alper/code/CarND-Behavioral-Cloning-P3/my_training_data/IMG/right_2017_04_18_17_47_39_417.jpg,0,0,0,6.356969
/Users/alper/code/CarND-Behavioral-Cloning-P3/my_training_data/IMG/center_2017_04_18_17_47_39_489.jpg,/Users/alper/code/CarND-Behavioral-Cloning-P3/my_training_data/IMG/left_2017_04_18_17_47_39_489.jpg,/Users/alper/code/CarND-Behavioral-Cloning-P3/my_training_data/IMG/right_2017_04_18_17_47_39_489.jpg,-0.1,0,0,6.316934
/Users/alper/code/CarND-Behavioral-Cloning-P3/my_training_data/IMG/center_2017_04_18_17_47_39_559.jpg,/Users/alper/code/CarND-Behavioral-Cloning-P3/my_training_data/IMG/left_2017_04_18_17_47_39_559.jpg,/Users/alper/code/CarND-Behavioral-Cloning-P3/my_training_data/IMG/right_2017_04_18_17_47_39_559.jpg,-0.3,0,0,6.249398
/Users/alper/code/CarND-Behavioral-Cloning-P3/my_training_data/IMG/center_2017_04_18_17_47_39_629.jpg,/Users/alper/code/CarND-Behavioral-Cloning-P3/my_training_data/IMG/left_2017_04_18_17_47_39_629.jpg,/Users/alper/code/CarND-Behavioral-Cloning-P3/my_training_data/IMG/right_2017_04_18_17_47_39_629.jpg,-0.2015521,0,0,6.207222
/Users/alper/code/CarND-Behavioral-Cloning-P3/my_training_data/IMG/center_2017_04_18_17_47_39_696.jpg,/Users/alper/code/CarND-Behavioral-Cloning-P3/my_training_data/IMG/left_2017_04_18_17_47_39_696.jpg,/Users/alper/code/CarND-Behavioral-Cloning-P3/my_training_data/IMG/right_2017_04_18_17_47_39_696.jpg,0,0.1674029,0,6.235255
/Users/alper/code/CarND-Behavioral-Cloning-P3/my_training_data/IMG/center_2017_04_18_17_47_39_769.jpg,/Users/alper/code/CarND-Behavioral-Cloning-P3/my_training_data/IMG/left_2017_04_18_17_47_39_769.jpg,/Users/alper/code/CarND-Behavioral-Cloning-P3/my_training_data/IMG/right_2017_04_18_17_47_39_769.jpg,0,0.0599159,0,6.285727
/Users/alper/code/CarND-Behavioral-Cloning-P3/my_training_data/IMG/center_2017_04_18_17_47_39_842.jpg,/Users/alper/code/CarND-Behavioral-Cloning-P3/my_training_data/IMG/left_2017_04_18_17_47_39_842.jpg,/Users/alper/code/CarND-Behavioral-Cloning-P3/my_training_data/IMG/right_2017_04_18_17_47_39_842.jpg,0,0.03188699,0,6.245718
/Users/alper/code/CarND-Behavioral-Cloning-P3/my_training_data/IMG/center_2017_04_18_17_47_39_915.jpg,/Users/alper/code/CarND-Behavioral-Cloning-P3/my_training_data/IMG/left_2017_04_18_17_47_39_915.jpg,/Users/alper/code/CarND-Behavioral-Cloning-P3/my_training_data/IMG/right_2017_04_18_17_47_39_915.jpg,0,0.2170231,0,6.310032
/Users/alper/code/CarND-Behavioral-Cloning-P3/my_training_data/IMG/center_2017_04_18_17_47_39_989.jpg,/Users/alper/code/CarND-Behavioral-Cloning-P3/my_training_data/IMG/left_2017_04_18_17_47_39_989.jpg,/Users/alper/code/CarND-Behavioral-Cloning-P3/my_training_data/IMG/right_2017_04_18_17_47_39_989.jpg,0,0.441885,0,6.592393
/Users/alper/code/CarND-Behavioral-Cloning-P3/my_training_data/IMG/center_2017_04_18_17_47_40_062.jpg,/Users/alper/code/CarND-Behavioral-Cloning-P3/my_training_data/IMG/left_2017_04_18_17_47_40_062.jpg,/Users/alper/code/CarND-Behavioral-Cloning-P3/my_training_data/IMG/right_2017_04_18_17_47_40_062.jpg,0,0.6944879,0,7.105183
/Users/alper/code/CarND-Behavioral-Cloning-P3/my_training_data/IMG/center_2017_04_18_17_47_40_139.jpg,/Users/alper/code/CarND-Behavioral-Cloning-P3/my_training_data/IMG/left_2017_04_18_17_47_40_139.jpg,/Users/alper/code/CarND-Behavioral-Cloning-P3/my_training_data/IMG/right_2017_04_18_17_47_40_139.jpg,0,0.9234601,0,7.847114
/Users/alper/code/CarND-Behavioral-Cloning-P3/my_training_data/IMG/center_2017_04_18_17_47_40_208.jpg,/Users/alper/code/CarND-Behavioral-Cloning-P3/my_training_data/IMG/left_2017_04_18_17_47_40_208.jpg,/Users/alper/code/CarND-Behavioral-Cloning-P3/my_training_data/IMG/right_2017_04_18_17_47_40_208.jpg,0,1,0,8.519956
/Users/alper/code/CarND-Behavioral-Cloning-P3/my_training_data/IMG/center_2017_04_18_17_47_40_279.jpg,/Users/alper/code/CarND-Behavioral-Cloning-P3/my_training_data/IMG/left_2017_04_18_17_47_40_279.jpg,/Users/alper/code/CarND-Behavioral-Cloning-P3/my_training_data/IMG/right_2017_04_18_17_47_40_279.jpg,0,1,0,9.418344
/Users/alper/code/CarND-Behavioral-Cloning-P3/my_training_data/IMG/center_2017_04_18_17_47_40_354.jpg,/Users/alper/code/CarND-Behavioral-Cloning-P3/my_training_data/IMG/left_2017_04_18_17_47_40_354.jpg,/Users/alper/code/CarND-Behavioral-Cloning-P3/my_training_data/IMG/right_2017_04_18_17_47_40_354.jpg,0,1,0,10.08751
/Users/alper/code/CarND-Behavioral-Cloning-P3/my_training_data/IMG/center_2017_04_18_17_47_40_428.jpg,/Users/alper/code/CarND-Behavioral-Cloning-P3/my_training_data/IMG/left_2017_04_18_17_47_40_428.jpg,/Users/alper/code/CarND-Behavioral-Cloning-P3/my_training_data/IMG/right_2017_04_18_17_47_40_428.jpg,0,1,0,10.97357
/Users/alper/code/CarND-Behavioral-Cloning-P3/my_training_data/IMG/center_2017_04_18_17_47_40_497.jpg,/Users/alper/code/CarND-Behavioral-Cloning-P3/my_training_data/IMG/left_2017_04_18_17_47_40_497.jpg,/Users/alper/code/CarND-Behavioral-Cloning-P3/my_training_data/IMG/right_2017_04_18_17_47_40_497.jpg,-0.05,1,0,11.97935
/Users/alper/code/CarND-Behavioral-Cloning-P3/my_training_data/IMG/center_2017_04_18_17_47_40_566.jpg,/Users/alper/code/CarND-Behavioral-Cloning-P3/my_training_data/IMG/left_2017_04_18_17_47_40_566.jpg,/Users/alper/code/CarND-Behavioral-Cloning-P3/my_training_data/IMG/right_2017_04_18_17_47_40_566.jpg,-0.2,0.940519,0,12.46605
/Users/alper/code/CarND-Behavioral-Cloning-P3/my_training_data/IMG/center_2017_04_18_17_47_40_636.jpg,/Users/alper/code/CarND-Behavioral-Cloning-P3/my_training_data/IMG/left_2017_04_18_17_47_40_636.jpg,/Users/alper/code/CarND-Behavioral-Cloning-P3/my_training_data/IMG/right_2017_04_18_17_47_40_636.jpg,-0.2719018,0.702214,0,13.05039
/Users/alper/code/CarND-Behavioral-Cloning-P3/my_training_data/IMG/center_2017_04_18_17_47_40_703.jpg,/Users/alper/code/CarND-Behavioral-Cloning-P3/my_training_data/IMG/left_2017_04_18_17_47_40_703.jpg,/Users/alper/code/CarND-Behavioral-Cloning-P3/my_training_data/IMG/right_2017_04_18_17_47_40_703.jpg,-0.07162178,0.501934,0,13.5445
/Users/alper/code/CarND-Behavioral-Cloning-P3/my_training_data/IMG/center_2017_04_18_17_47_40_785.jpg,/Users/alper/code/CarND-Behavioral-Cloning-P3/my_training_data/IMG/left_2017_04_18_17_47_40_785.jpg,/Users/alper/code/CarND-Behavioral-Cloning-P3/my_training_data/IMG/right_2017_04_18_17_47_40_785.jpg,0,0.264436,0,13.83078
/Users/alper/code/CarND-Behavioral-Cloning-P3/my_training_data/IMG/center_2017_04_18_17_47_40_853.jpg,/Users/alper/code/CarND-Behavioral-Cloning-P3/my_training_data/IMG/left_2017_04_18_17_47_40_853.jpg,/Users/alper/code/CarND-Behavioral-Cloning-P3/my_training_data/IMG/right_2017_04_18_17_47_40_853.jpg,0,0.05277395,0,13.63867
/Users/alper/code/CarND-Behavioral-Cloning-P3/my_training_data/IMG/center_2017_04_18_17_47_40_926.jpg,/Users/alper/code/CarND-Behavioral-Cloning-P3/my_training_data/IMG/left_2017_04_18_17_47_40_926.jpg,/Users/alper/code/CarND-Behavioral-Cloning-P3/my_training_data/IMG/right_2017_04_18_17_47_40_926.jpg,0,0,0,13.51263
/Users/alper/code/CarND-Behavioral-Cloning-P3/my_training_data/IMG/center_2017_04_18_17_47_41_002.jpg,/Users/alper/code/CarND-Behavioral-Cloning-P3/my_training_data/IMG/left_2017_04_18_17_47_41_002.jpg,/Users/alper/code/CarND-Behavioral-Cloning-P3/my_training_data/IMG/right_2017_04_18_17_47_41_002.jpg,0,0,0,13.45068
/Users/alper/code/CarND-Behavioral-Cloning-P3/my_training_data/IMG/center_2017_04_18_17_47_41_073.jpg,/Users/alper/code/CarND-Behavioral-Cloning-P3/my_training_data/IMG/left_2017_04_18_17_47_41_073.jpg,/Users/alper/code/CarND-Behavioral-Cloning-P3/my_training_data/IMG/right_2017_04_18_17_47_41_073.jpg,0,0,0,13.58487
/Users/alper/code/CarND-Behavioral-Cloning-P3/my_training_data/IMG/center_2017_04_18_17_47_41_146.jpg,/Users/alper/code/CarND-Behavioral-Cloning-P3/my_training_data/IMG/left_2017_04_18_17_47_41_146.jpg,/Users/alper/code/CarND-Behavioral-Cloning-P3/my_training_data/IMG/right_2017_04_18_17_47_41_146.jpg,0,0,0,13.49951
/Users/alper/code/CarND-Behavioral-Cloning-P3/my_training_data/IMG/center_2017_04_18_17_47_41_215.jpg,/Users/alper/code/CarND-Behavioral-Cloning-P3/my_training_data/IMG/left_2017_04_18_17_47_41_215.jpg,/Users/alper/code/CarND-Behavioral-Cloning-P3/my_training_data/IMG/right_2017_04_18_17_47_41_215.jpg,0,0,0,13.13649
/Users/alper/code/CarND-Behavioral-Cloning-P3/my_training_data/IMG/center_2017_04_18_17_47_41_288.jpg,/Users/alper/code/CarND-Behavioral-Cloning-P3/my_training_data/IMG/left_2017_04_18_17_47_41_288.jpg,/Users/alper/code/CarND-Behavioral-Cloning-P3/my_training_data/IMG/right_2017_04_18_17_47_41_288.jpg,0,0,0,13.00873
/Users/alper/code/CarND-Behavioral-Cloning-P3/my_training_data/IMG/center_2017_04_18_17_47_41_361.jpg,/Users/alper/code/CarND-Behavioral-Cloning-P3/my_training_data/IMG/left_2017_04_18_17_47_41_361.jpg,/Users/alper/code/CarND-Behavioral-Cloning-P3/my_training_data/IMG/right_2017_04_18_17_47_41_361.jpg,-0.05,0,0,12.87172
/Users/alper/code/CarND-Behavioral-Cloning-P3/my_training_data/IMG/center_2017_04_18_17_47_41_429.jpg,/Users/alper/code/CarND-Behavioral-Cloning-P3/my_training_data/IMG/left_2017_04_18_17_47_41_429.jpg,/Users/alper/code/CarND-Behavioral-Cloning-P3/my_training_data/IMG/right_2017_04_18_17_47_41_429.jpg,-0.2,0,0,13.02767
/Users/alper/code/CarND-Behavioral-Cloning-P3/my_training_data/IMG/center_2017_04_18_17_47_41_506.jpg,/Users/alper/code/CarND-Behavioral-Cloning-P3/my_training_data/IMG/left_2017_04_18_17_47_41_506.jpg,/Users/alper/code/CarND-Behavioral-Cloning-P3/my_training_data/IMG/right_2017_04_18_17_47_41_506.jpg,-0.4331969,0,0,12.87536
/Users/alper/code/CarND-Behavioral-Cloning-P3/my_training_data/IMG/center_2017_04_18_17_47_41_573.jpg,/Users/alper/code/CarND-Behavioral-Cloning-P3/my_training_data/IMG/left_2017_04_18_17_47_41_573.jpg,/Users/alper/code/CarND-Behavioral-Cloning-P3/my_training_data/IMG/right_2017_04_18_17_47_41_573.jpg,-0.266289,0.1020749,0,12.53479
/Users/alper/code/CarND-Behavioral-Cloning-P3/my_training_data/IMG/center_2017_04_18_17_47_41_644.jpg,/Users/alper/code/CarND-Behavioral-Cloning-P3/my_training_data/IMG/left_2017_04_18_17_47_41_644.jpg,/Users/alper/code/CarND-Behavioral-Cloning-P3/my_training_data/IMG/right_2017_04_18_17_47_41_644.jpg,-0.01865995,0,0,12.47893
/Users/alper/code/CarND-Behavioral-Cloning-P3/my_training_data/IMG/center_2017_04_18_17_47_41_711.jpg,/Users/alper/code/CarND-Behavioral-Cloning-P3/my_training_data/IMG/left_2017_04_18_17_47_41_711.jpg,/Users/alper/code/CarND-Behavioral-Cloning-P3/my_training_data/IMG/right_2017_04_18_17_47_41_711.jpg,0,0,0,12.65328
/Users/alper/code/CarND-Behavioral-Cloning-P3/my_training_data/IMG/center_2017_04_18_17_47_41_786.jpg,/Users/alper/code/CarND-Behavioral-Cloning-P3/my_training_data/IMG/left_2017_04_18_17_47_41_786.jpg,/Users/alper/code/CarND-Behavioral-Cloning-P3/my_training_data/IMG/right_2017_04_18_17_47_41_786.jpg,0,0,0,12.57667
/Users/alper/code/CarND-Behavioral-Cloning-P3/my_training_data/IMG/center_2017_04_18_17_47_41_864.jpg,/Users/alper/code/CarND-Behavioral-Cloning-P3/my_training_data/IMG/left_2017_04_18_17_47_41_864.jpg,/Users/alper/code/CarND-Behavioral-Cloning-P3/my_training_data/IMG/right_2017_04_18_17_47_41_864.jpg,0,0,0,12.29995
/Users/alper/code/CarND-Behavioral-Cloning-P3/my_training_data/IMG/center_2017_04_18_17_47_41_938.jpg,/Users/alper/code/CarND-Behavioral-Cloning-P3/my_training_data/IMG/left_2017_04_18_17_47_41_938.jpg,/Users/alper/code/CarND-Behavioral-Cloning-P3/my_training_data/IMG/right_2017_04_18_17_47_41_938.jpg,0,0,0,12.20737
/Users/alper/code/CarND-Behavioral-Cloning-P3/my_training_data/IMG/center_2017_04_18_17_47_42_007.jpg,/Users/alper/code/CarND-Behavioral-Cloning-P3/my_training_data/IMG/left_2017_04_18_17_47_42_007.jpg,/Users/alper/code/CarND-Behavioral-Cloning-P3/my_training_data/IMG/right_2017_04_18_17_47_42_007.jpg,0,0,0,12.13691
/Users/alper/code/CarND-Behavioral-Cloning-P3/my_training_data/IMG/center_2017_04_18_17_47_42_075.jpg,/Users/alper/code/CarND-Behavioral-Cloning-P3/my_training_data/IMG/left_2017_04_18_17_47_42_075.jpg,/Users/alper/code/CarND-Behavioral-Cloning-P3/my_training_data/IMG/right_2017_04_18_17_47_42_075.jpg,-0.05,0,0,12.07928
/Users/alper/code/CarND-Behavioral-Cloning-P3/my_training_data/IMG/center_2017_04_18_17_47_42_145.jpg,/Users/alper/code/CarND-Behavioral-Cloning-P3/my_training_data/IMG/left_2017_04_18_17_47_42_145.jpg,/Users/alper/code/CarND-Behavioral-Cloning-P3/my_training_data/IMG/right_2017_04_18_17_47_42_145.jpg,-0.25,0,0,12.0711
/Users/alper/code/CarND-Behavioral-Cloning-P3/my_training_data/IMG/center_2017_04_18_17_47_42_220.jpg,/Users/alper/code/CarND-Behavioral-Cloning-P3/my_training_data/IMG/left_2017_04_18_17_47_42_220.jpg,/Users/alper/code/CarND-Behavioral-Cloning-P3/my_training_data/IMG/right_2017_04_18_17_47_42_220.jpg,-0.1457909,0,0,11.98429
/Users/alper/code/CarND-Behavioral-Cloning-P3/my_training_data/IMG/center_2017_04_18_17_47_42_293.jpg,/Users/alper/code/CarND-Behavioral-Cloning-P3/my_training_data/IMG/left_2017_04_18_17_47_42_293.jpg,/Users/alper/code/CarND-Behavioral-Cloning-P3/my_training_data/IMG/right_2017_04_18_17_47_42_293.jpg,0,0,0,11.73963
/Users/alper/code/CarND-Behavioral-Cloning-P3/my_training_data/IMG/center_2017_04_18_17_47_42_372.jpg,/Users/alper/code/CarND-Behavioral-Cloning-P3/my_training_data/IMG/left_2017_04_18_17_47_42_372.jpg,/Users/alper/code/CarND-Behavioral-Cloning-P3/my_training_data/IMG/right_2017_04_18_17_47_42_372.jpg,0,0,0,11.65424
/Users/alper/code/CarND-Behavioral-Cloning-P3/my_training_data/IMG/center_2017_04_18_17_47_42_445.jpg,/Users/alper/code/CarND-Behavioral-Cloning-P3/my_training_data/IMG/left_2017_04_18_17_47_42_445.jpg,/Users/alper/code/CarND-Behavioral-Cloning-P3/my_training_data/IMG/right_2017_04_18_17_47_42_445.jpg,0,0,0,11.64148
/Users/alper/code/CarND-Behavioral-Cloning-P3/my_training_data/IMG/center_2017_04_18_17_47_42_512.jpg,/Users/alper/code/CarND-Behavioral-Cloning-P3/my_training_data/IMG/left_2017_04_18_17_47_42_512.jpg,/Users/alper/code/CarND-Behavioral-Cloning-P3/my_training_data/IMG/right_2017_04_18_17_47_42_512.jpg,0,0,0,11.66037
/Users/alper/code/CarND-Behavioral-Cloning-P3/my_training_data/IMG/center_2017_04_18_17_47_42_585.jpg,/Users/alper/code/CarND-Behavioral-Cloning-P3/my_training_data/IMG/left_2017_04_18_17_47_42_585.jpg,/Users/alper/code/CarND-Behavioral-Cloning-P3/my_training_data/IMG/right_2017_04_18_17_47_42_585.jpg,0,0,0,11.4704
/Users/alper/code/CarND-Behavioral-Cloning-P3/my_training_data/IMG/center_2017_04_18_17_47_42_652.jpg,/Users/alper/code/CarND-Behavioral-Cloning-P3/my_training_data/IMG/left_2017_04_18_17_47_42_652.jpg,/Users/alper/code/CarND-Behavioral-Cloning-P3/my_training_data/IMG/right_2017_04_18_17_47_42_652.jpg,0,0,0,11.40559
/Users/alper/code/CarND-Behavioral-Cloning-P3/my_training_data/IMG/center_2017_04_18_17_47_42_730.jpg,/Users/alper/code/CarND-Behavioral-Cloning-P3/my_training_data/IMG/left_2017_04_18_17_47_42_730.jpg,/Users/alper/code/CarND-Behavioral-Cloning-P3/my_training_data/IMG/right_2017_04_18_17_47_42_730.jpg,0,0,0,11.24112
/Users/alper/code/CarND-Behavioral-Cloning-P3/my_training_data/IMG/center_2017_04_18_17_47_42_802.jpg,/Users/alper/code/CarND-Behavioral-Cloning-P3/my_training_data/IMG/left_2017_04_18_17_47_42_802.jpg,/Users/alper/code/CarND-Behavioral-Cloning-P3/my_training_data/IMG/right_2017_04_18_17_47_42_802.jpg,-0.15,0,0,11.24322
/Users/alper/code/CarND-Behavioral-Cloning-P3/my_training_data/IMG/center_2017_04_18_17_47_42_867.jpg,/Users/alper/code/CarND-Behavioral-Cloning-P3/my_training_data/IMG/left_2017_04_18_17_47_42_867.jpg,/Users/alper/code/CarND-Behavioral-Cloning-P3/my_training_data/IMG/right_2017_04_18_17_47_42_867.jpg,-0.3,0,0,11.12081
/Users/alper/code/CarND-Behavioral-Cloning-P3/my_training_data/IMG/center_2017_04_18_17_47_42_934.jpg,/Users/alper/code/CarND-Behavioral-Cloning-P3/my_training_data/IMG/left_2017_04_18_17_47_42_934.jpg,/Users/alper/code/CarND-Behavioral-Cloning-P3/my_training_data/IMG/right_2017_04_18_17_47_42_934.jpg,-0.2720969,0,0,11.03969
/Users/alper/code/CarND-Behavioral-Cloning-P3/my_training_data/IMG/center_2017_04_18_17_47_43_002.jpg,/Users/alper/code/CarND-Behavioral-Cloning-P3/my_training_data/IMG/left_2017_04_18_17_47_43_002.jpg,/Users/alper/code/CarND-Behavioral-Cloning-P3/my_training_data/IMG/right_2017_04_18_17_47_43_002.jpg,-0.03565478,0,0,10.95108
/Users/alper/code/CarND-Behavioral-Cloning-P3/my_training_data/IMG/center_2017_04_18_17_47_43_071.jpg,/Users/alper/code/CarND-Behavioral-Cloning-P3/my_training_data/IMG/left_2017_04_18_17_47_43_071.jpg,/Users/alper/code/CarND-Behavioral-Cloning-P3/my_training_data/IMG/right_2017_04_18_17_47_43_071.jpg,0,0,0,10.87973
/Users/alper/code/CarND-Behavioral-Cloning-P3/my_training_data/IMG/center_2017_04_18_17_47_43_151.jpg,/Users/alper/code/CarND-Behavioral-Cloning-P3/my_training_data/IMG/left_2017_04_18_17_47_43_151.jpg,/Users/alper/code/CarND-Behavioral-Cloning-P3/my_training_data/IMG/right_2017_04_18_17_47_43_151.jpg,0,0,0,10.79109
/Users/alper/code/CarND-Behavioral-Cloning-P3/my_training_data/IMG/center_2017_04_18_17_47_43_227.jpg,/Users/alper/code/CarND-Behavioral-Cloning-P3/my_training_data/IMG/left_2017_04_18_17_47_43_227.jpg,/Users/alper/code/CarND-Behavioral-Cloning-P3/my_training_data/IMG/right_2017_04_18_17_47_43_227.jpg,0,0,0,10.70419
/Users/alper/code/CarND-Behavioral-Cloning-P3/my_training_data/IMG/center_2017_04_18_17_47_43_304.jpg,/Users/alper/code/CarND-Behavioral-Cloning-P3/my_training_data/IMG/left_2017_04_18_17_47_43_304.jpg,/Users/alper/code/CarND-Behavioral-Cloning-P3/my_training_data/IMG/right_2017_04_18_17_47_43_304.jpg,0,0,0,10.61802
/Users/alper/code/CarND-Behavioral-Cloning-P3/my_training_data/IMG/center_2017_04_18_17_47_43_373.jpg,/Users/alper/code/CarND-Behavioral-Cloning-P3/my_training_data/IMG/left_2017_04_18_17_47_43_373.jpg,/Users/alper/code/CarND-Behavioral-Cloning-P3/my_training_data/IMG/right_2017_04_18_17_47_43_373.jpg,0,0,0,10.55394
/Users/alper/code/CarND-Behavioral-Cloning-P3/my_training_data/IMG/center_2017_04_18_17_47_43_447.jpg,/Users/alper/code/CarND-Behavioral-Cloning-P3/my_training_data/IMG/left_2017_04_18_17_47_43_447.jpg,/Users/alper/code/CarND-Behavioral-Cloning-P3/my_training_data/IMG/right_2017_04_18_17_47_43_447.jpg,0,0,0,10.46911
/Users/alper/code/CarND-Behavioral-Cloning-P3/my_training_data/IMG/center_2017_04_18_17_47_43_523.jpg,/Users/alper/code/CarND-Behavioral-Cloning-P3/my_training_data/IMG/left_2017_04_18_17_47_43_523.jpg,/Users/alper/code/CarND-Behavioral-Cloning-P3/my_training_data/IMG/right_2017_04_18_17_47_43_523.jpg,0,0,0,10.38496
/Users/alper/code/CarND-Behavioral-Cloning-P3/my_training_data/IMG/center_2017_04_18_17_47_43_598.jpg,/Users/alper/code/CarND-Behavioral-Cloning-P3/my_training_data/IMG/left_2017_04_18_17_47_43_598.jpg,/Users/alper/code/CarND-Behavioral-Cloning-P3/my_training_data/IMG/right_2017_04_18_17_47_43_598.jpg,0,0,0,10.30149
/Users/alper/code/CarND-Behavioral-Cloning-P3/my_training_data/IMG/center_2017_04_18_17_47_43_671.jpg,/Users/alper/code/CarND-Behavioral-Cloning-P3/my_training_data/IMG/left_2017_04_18_17_47_43_671.jpg,/Users/alper/code/CarND-Behavioral-Cloning-P3/my_training_data/IMG/right_2017_04_18_17_47_43_671.jpg,0,0,0,10.23932
/Users/alper/code/CarND-Behavioral-Cloning-P3/my_training_data/IMG/center_2017_04_18_17_47_43_740.jpg,/Users/alper/code/CarND-Behavioral-Cloning-P3/my_training_data/IMG/left_2017_04_18_17_47_43_740.jpg,/Users/alper/code/CarND-Behavioral-Cloning-P3/my_training_data/IMG/right_2017_04_18_17_47_43_740.jpg,0,0,0,10.15702
/Users/alper/code/CarND-Behavioral-Cloning-P3/my_training_data/IMG/center_2017_04_18_17_47_43_815.jpg,/Users/alper/code/CarND-Behavioral-Cloning-P3/my_training_data/IMG/left_2017_04_18_17_47_43_815.jpg,/Users/alper/code/CarND-Behavioral-Cloning-P3/my_training_data/IMG/right_2017_04_18_17_47_43_815.jpg,0,0,0,10.09573
/Users/alper/code/CarND-Behavioral-Cloning-P3/my_training_data/IMG/center_2017_04_18_17_47_43_887.jpg,/Users/alper/code/CarND-Behavioral-Cloning-P3/my_training_data/IMG/left_2017_04_18_17_47_43_887.jpg,/Users/alper/code/CarND-Behavioral-Cloning-P3/my_training_data/IMG/right_2017_04_18_17_47_43_887.jpg,0,0,0,10.01458
/Users/alper/code/CarND-Behavioral-Cloning-P3/my_training_data/IMG/center_2017_04_18_17_47_43_963.jpg,/Users/alper/code/CarND-Behavioral-Cloning-P3/my_training_data/IMG/left_2017_04_18_17_47_43_963.jpg,/Users/alper/code/CarND-Behavioral-Cloning-P3/my_training_data/IMG/right_2017_04_18_17_47_43_963.jpg,0,0,0,9.934091
/Users/alper/code/CarND-Behavioral-Cloning-P3/my_training_data/IMG/center_2017_04_18_17_47_44_036.jpg,/Users/alper/code/CarND-Behavioral-Cloning-P3/my_training_data/IMG/left_2017_04_18_17_47_44_036.jpg,/Users/alper/code/CarND-Behavioral-Cloning-P3/my_training_data/IMG/right_2017_04_18_17_47_44_036.jpg,0,0,0,9.854239
/Users/alper/code/CarND-Behavioral-Cloning-P3/my_training_data/IMG/center_2017_04_18_17_47_44_110.jpg,/Users/alper/code/CarND-Behavioral-Cloning-P3/my_training_data/IMG/left_2017_04_18_17_47_44_110.jpg,/Users/alper/code/CarND-Behavioral-Cloning-P3/my_training_data/IMG/right_2017_04_18_17_47_44_110.jpg,0,0,0,9.794777
/Users/alper/code/CarND-Behavioral-Cloning-P3/my_training_data/IMG/center_2017_04_18_17_47_44_182.jpg,/Users/alper/code/CarND-Behavioral-Cloning-P3/my_training_data/IMG/left_2017_04_18_17_47_44_182.jpg,/Users/alper/code/CarND-Behavioral-Cloning-P3/my_training_data/IMG/right_2017_04_18_17_47_44_182.jpg,0,0,0,9.716048
/Users/alper/code/CarND-Behavioral-Cloning-P3/my_training_data/IMG/center_2017_04_18_17_47_44_381.jpg,/Users/alper/code/CarND-Behavioral-Cloning-P3/my_training_data/IMG/left_2017_04_18_17_47_44_381.jpg,/Users/alper/code/CarND-Behavioral-Cloning-P3/my_training_data/IMG/right_2017_04_18_17_47_44_381.jpg,0,0,0,8.963216
